Batch_ID,Cooling_Rate_C_min,Agitation_RPM,Seed_Mass_g,Seed_Temp_C,Initial_Conc_g_L,Batch_Time_hr,Mean_Crystal_Size_um,Fines_Pct,Yield_Pct
B001,0.33,267.1,9.89,61.5,143.6,6.29,385.1,4.2,93.3
B002,0.518,252.9,11.37,58.8,152.7,6.87,353.3,3.3,91.8
B003,0.465,200.8,8.67,60.2,153.0,6.56,382.9,4.0,92.3
B004,0.523,504.1,9.41,58.4,145.5,6.62,253.2,17.6,91.9
B005,0.6,252.7,7.97,60.2,147.4,6.8,370.7,4.1,94.3
B006,0.499,549.3,8.12,60.9,152.4,6.15,227.7,27.9,91.4
B007,0.478,535.0,9.46,58.8,148.8,6.29,204.1,19.5,91.3
B008,0.457,259.4,9.3,59.6,148.4,5.99,390.3,4.4,93.8
B009,0.486,270.7,9.89,60.5,152.8,6.36,389.0,4.2,93.9
B010,1.535,272.3,4.51,50.8,163.0,3.79,86.5,38.9,84.6
B011,0.531,223.6,10.96,60.5,153.3,7.16,380.6,3.6,92.9
B012,0.512,519.5,9.89,62.0,154.5,6.19,239.0,20.4,88.8
B013,0.434,211.7,9.58,59.6,146.8,6.44,392.3,5.7,94.0
B014,0.38,215.7,11.16,60.9,152.5,6.72,384.8,3.5,93.9
B015,1.388,277.9,3.18,51.2,152.5,3.86,100.8,42.9,84.2
B016,1.578,259.5,4.49,56.1,152.2,3.69,129.8,44.0,84.9
B017,1.501,246.0,3.47,52.0,148.2,4.18,121.2,37.7,85.8
B018,0.485,237.2,10.65,61.8,149.1,6.42,413.4,4.8,93.3
B019,1.483,236.7,2.74,53.9,153.8,3.97,108.4,38.6,87.5
B020,1.327,296.3,3.67,51.0,147.6,4.02,117.8,38.2,89.1
B021,0.5,518.5,8.75,60.5,147.6,6.33,205.4,22.8,91.6
B022,0.494,218.6,9.86,60.1,152.1,6.75,364.8,3.0,95.1
B023,0.423,242.3,10.66,61.9,145.0,7.25,349.9,4.1,94.4
B024,0.345,568.2,9.44,59.0,147.0,5.72,231.5,21.7,89.7
B025,0.603,223.8,9.16,59.3,141.5,6.32,371.3,4.3,94.1
B026,0.468,238.5,8.08,60.0,150.2,7.36,381.5,4.4,93.8
B027,0.558,224.3,9.68,61.0,145.1,6.58,408.5,2.9,94.0
B028,0.201,182.2,7.49,60.8,127.1,4.08,263.0,8.6,77.2
B029,0.382,547.8,9.36,59.1,153.8,6.46,207.8,24.7,89.9
B030,1.362,274.0,4.76,51.1,155.1,3.8,125.8,47.3,84.8
B031,0.396,235.3,9.51,60.1,159.3,5.85,397.4,2.9,93.3
B032,0.424,494.8,8.04,60.2,145.9,6.91,173.4,26.3,91.5
B033,0.454,217.1,10.36,60.7,154.3,6.87,360.2,3.4,94.3
B034,1.376,263.4,3.7,52.6,157.3,4.3,105.3,35.7,83.3
B035,0.428,517.8,9.01,58.5,151.2,6.01,220.4,21.4,90.9
B036,0.206,143.2,6.8,61.2,124.5,4.43,291.0,8.6,77.1
B037,0.551,211.3,11.16,60.0,146.1,6.66,388.6,3.7,93.9
B038,0.505,607.0,10.72,59.3,147.2,5.74,219.1,19.4,89.5
B039,0.234,148.7,6.71,60.7,123.5,4.79,245.6,8.2,78.1
B040,0.475,269.6,9.48,59.0,148.0,6.82,390.9,3.8,94.3
B041,0.472,256.3,10.63,59.0,147.8,6.76,396.0,4.2,93.9
B042,0.526,241.3,8.92,59.1,152.7,6.24,388.9,4.2,93.1
B043,0.518,577.1,10.95,61.4,149.0,5.95,212.5,21.7,92.5
B044,0.599,260.6,8.48,59.4,155.1,6.25,393.0,4.8,92.9
B045,1.391,306.3,3.98,55.3,156.9,3.71,116.9,42.4,87.3
B046,1.366,274.0,4.74,50.9,163.1,3.98,99.6,40.7,87.6
B047,0.4,230.8,11.06,60.4,142.9,6.61,378.1,3.7,94.4
B048,1.428,261.8,4.51,52.4,159.2,3.43,112.0,41.6,85.9
B049,0.502,501.9,12.05,59.7,151.4,6.55,224.6,22.1,90.3
B050,0.553,257.2,9.84,60.0,146.0,6.49,379.8,4.5,93.0
B051,0.448,198.7,9.91,58.4,152.7,6.63,368.1,3.8,92.7
B052,0.451,253.6,9.69,60.4,149.5,6.53,395.7,3.5,95.9
B053,0.468,255.6,8.76,58.4,152.1,6.6,389.5,4.5,93.1
B054,0.563,517.2,9.33,58.3,149.2,6.43,230.1,18.9,92.2
B055,0.539,228.2,10.55,59.8,149.1,6.88,399.9,4.9,95.1
B056,0.185,174.2,7.34,62.6,126.0,4.49,297.8,9.9,79.1
B057,0.366,256.3,11.36,59.9,154.0,6.63,373.4,4.5,95.3
B058,0.581,259.0,9.42,58.9,152.0,6.04,418.0,5.1,93.3
B059,0.462,547.4,11.45,60.9,149.9,5.91,266.5,21.7,91.2
B060,0.588,540.3,11.48,58.6,146.0,5.68,244.9,23.3,91.1
B061,0.42,514.7,8.19,58.4,145.6,5.96,236.1,18.8,94.4
B062,0.511,216.0,9.67,59.4,147.4,7.12,392.3,3.2,94.7
B063,0.393,238.5,10.34,60.3,153.3,6.5,411.2,4.0,96.5
B064,1.382,250.0,3.83,51.0,157.2,3.85,85.3,43.9,89.0
B065,1.494,263.2,3.52,54.3,155.0,3.81,87.6,41.1,87.0
B066,0.447,271.3,7.38,61.0,150.3,6.4,386.7,2.6,93.6
B067,0.368,262.9,10.75,60.9,146.4,6.99,359.8,4.7,96.0
B068,0.519,534.6,8.74,60.3,148.7,6.34,266.2,21.2,92.6
B069,0.476,228.0,9.71,59.3,157.4,6.5,366.0,4.9,92.6
B070,0.466,245.9,9.29,62.2,151.9,6.08,396.8,3.4,94.6
B071,0.467,229.9,9.53,60.3,144.2,6.01,372.1,4.0,94.1
B072,0.208,170.1,6.46,62.0,132.1,4.64,247.6,8.7,72.5
B073,0.522,258.6,9.16,59.6,151.3,6.84,376.4,4.1,92.7
B074,0.529,544.8,9.29,59.9,146.0,6.62,211.3,20.0,92.5
B075,0.217,205.2,7.74,62.1,125.7,4.67,262.9,8.9,79.5
B076,1.485,348.7,3.05,51.0,150.9,3.66,98.4,42.7,88.4
B077,0.428,503.0,11.29,60.6,151.0,6.82,216.5,19.1,93.0
B078,0.475,553.9,8.61,60.1,148.9,6.02,212.9,18.6,90.5
B079,0.505,487.2,8.25,60.4,151.7,6.24,215.4,22.5,90.6
B080,0.473,225.0,11.55,60.1,154.7,6.52,422.1,5.6,93.6
B081,0.418,534.9,8.62,60.0,144.2,6.66,224.5,22.2,92.4
B082,0.432,532.2,9.44,60.9,152.0,6.42,206.8,20.1,90.7
B083,0.195,195.9,7.52,60.1,133.2,4.85,242.5,8.3,79.2
B084,0.472,516.4,10.0,59.5,155.4,6.34,218.0,20.5,91.1
B085,1.33,304.5,3.35,51.9,157.4,3.52,113.7,39.1,86.7
B086,0.396,240.5,10.5,61.7,153.8,7.25,371.2,4.9,94.0
B087,0.427,544.3,8.84,57.3,144.5,6.32,220.2,19.0,92.0
B088,0.431,254.4,11.5,60.1,156.5,6.02,354.3,4.2,94.2
B089,1.71,265.8,3.65,52.4,161.9,3.78,112.2,40.6,86.1
B090,0.407,515.6,10.36,60.1,147.1,6.33,230.0,16.8,91.9
B091,0.418,502.2,11.35,60.6,156.1,6.55,192.4,20.0,91.8
B092,0.47,227.5,9.79,59.4,147.6,6.8,391.4,3.6,94.7
B093,0.231,170.4,8.05,62.2,135.3,4.33,289.7,8.0,76.9
B094,0.347,528.3,8.39,58.7,151.2,6.0,207.3,24.3,90.5
B095,0.399,483.2,9.25,59.5,157.7,6.41,210.6,23.8,88.5
B096,1.322,229.2,3.02,51.9,155.2,3.74,113.3,34.1,88.4
B097,0.403,259.5,9.85,59.0,148.7,6.64,374.9,3.5,94.0
B098,0.446,175.2,8.98,59.7,145.0,7.07,359.3,3.8,93.9
B099,0.247,157.9,5.83,62.3,131.7,4.92,245.8,9.1,78.1
B100,0.488,230.7,9.53,60.3,142.3,5.9,374.9,3.4,94.1
B101,0.438,515.6,9.32,56.7,144.9,6.78,247.9,20.8,91.9
B102,0.344,231.1,10.86,60.3,145.0,6.56,391.9,3.5,94.0
B103,0.386,211.8,11.47,59.7,150.3,6.0,375.2,4.3,92.6
B104,0.486,250.3,13.85,60.7,154.5,6.83,396.7,3.9,94.6
B105,1.495,322.0,3.45,51.0,163.4,3.44,75.0,40.0,84.9
B106,1.511,307.0,4.32,54.5,157.2,3.76,110.2,42.7,84.3
B107,1.523,291.8,4.26,53.5,156.3,3.78,83.1,40.0,86.2
B108,1.551,255.4,3.19,48.6,151.7,3.19,84.2,41.2,87.2
B109,0.46,567.6,6.95,60.8,156.0,5.57,208.1,20.5,89.5
B110,1.525,227.9,2.99,51.6,153.6,3.96,110.7,33.8,86.5
B111,0.613,555.4,7.76,58.0,148.5,6.31,225.4,19.5,91.4
B112,0.214,181.4,5.97,63.2,126.3,4.11,246.4,9.6,79.9
B113,0.494,222.9,8.93,60.6,149.1,6.75,393.5,4.1,93.0
B114,0.547,501.8,10.13,61.2,141.1,6.02,226.5,20.9,91.6
B115,0.376,521.6,11.27,59.2,145.0,6.21,209.5,13.9,91.1
B116,1.44,308.5,3.74,52.8,156.8,3.91,117.6,43.2,86.2
B117,0.381,228.7,10.1,59.4,143.8,6.52,365.9,4.6,92.9
B118,1.4,266.5,2.56,50.3,149.0,3.61,107.5,39.3,88.6
B119,0.384,579.1,9.64,58.7,151.9,6.26,210.6,23.2,92.1
B120,1.396,280.8,4.25,50.2,154.7,3.62,125.9,33.2,84.8
